Combination,SC3-ARI
log_normalization+pca,0.36017948090884677
scale+pca,0.2578579583844405
tmm+pca,0.14468955428944835
total+pca,0.24061163963017645
